id,revenue
3001,66224104.0
3002,66224104.0
3003,66224104.0
3004,66224104.0
3005,66224104.0
3006,66224104.0
3007,66224104.0
3008,66224104.0
3009,66224104.0
3010,66224104.0
3011,66224104.0
3012,66224104.0
3013,66224104.0
3014,66224104.0
3015,66224104.0
3016,66224104.0
3017,66224104.0
3018,66224104.0
3019,66224104.0
3020,66224104.0
3021,66224104.0
3022,66224104.0
3023,66224104.0
3024,66224104.0
3025,66224104.0
3026,66224104.0
3027,66224104.0
3028,66224104.0
3029,66224104.0
3030,66224104.0
3031,66224104.0
3032,66224104.0
3033,66224104.0
3034,66224104.0
3035,66224104.0
3036,66224104.0
3037,66224104.0
3038,66224104.0
3039,66224104.0
3040,66224104.0
3041,66224104.0
3042,66224104.0
3043,66224104.0
3044,66224104.0
3045,66224104.0
3046,66224104.0
3047,66224104.0
3048,66224104.0
3049,66224104.0
3050,66224104.0
3051,66224104.0
3052,66224104.0
3053,66224104.0
3054,66224104.0
3055,66224104.0
3056,66224104.0
3057,66224104.0
3058,66224104.0
3059,66224104.0
3060,66224104.0
3061,66224104.0
3062,66224104.0
3063,66224104.0
3064,66224104.0
3065,66224104.0
3066,66224104.0
3067,66224104.0
3068,66224104.0
3069,66224104.0
3070,66224104.0
3071,66224104.0
3072,66224104.0
3073,66224104.0
3074,66224104.0
3075,66224104.0
3076,66224104.0
3077,66224104.0
3078,66224104.0
3079,66224104.0
3080,66224104.0
3081,66224104.0
3082,66224104.0
3083,66224104.0
3084,66224104.0
3085,66224104.0
3086,66224104.0
3087,66224104.0
3088,66224104.0
3089,66224104.0
3090,66224104.0
3091,66224104.0
3092,66224104.0
3093,66224104.0
3094,66224104.0
3095,66224104.0
3096,66224104.0
3097,66224104.0
3098,66224104.0
3099,66224104.0
3100,66224104.0
3101,66224104.0
3102,66224104.0
3103,66224104.0
3104,66224104.0
3105,66224104.0
3106,66224104.0
3107,66224104.0
3108,66224104.0
3109,66224104.0
3110,66224104.0
3111,66224104.0
3112,66224104.0
3113,66224104.0
3114,66224104.0
3115,66224104.0
3116,66224104.0
3117,66224104.0
3118,66224104.0
3119,66224104.0
3120,66224104.0
3121,66224104.0
3122,66224104.0
3123,66224104.0
3124,66224104.0
3125,66224104.0
3126,66224104.0
3127,66224104.0
3128,66224104.0
3129,66224104.0
3130,66224104.0
3131,66224104.0
3132,66224104.0
3133,66224104.0
3134,66224104.0
3135,66224104.0
3136,66224104.0
3137,66224104.0
3138,66224104.0
3139,66224104.0
3140,66224104.0
3141,66224104.0
3142,66224104.0
3143,66224104.0
3144,66224104.0
3145,66224104.0
3146,66224104.0
3147,66224104.0
3148,66224104.0
3149,66224104.0
3150,66224104.0
3151,66224104.0
3152,66224104.0
3153,66224104.0
3154,66224104.0
3155,66224104.0
3156,66224104.0
3157,66224104.0
3158,66224104.0
3159,66224104.0
3160,66224104.0
3161,66224104.0
3162,66224104.0
3163,66224104.0
3164,66224104.0
3165,66224104.0
3166,66224104.0
3167,66224104.0
3168,66224104.0
3169,66224104.0
3170,66224104.0
3171,66224104.0
3172,66224104.0
3173,66224104.0
3174,66224104.0
3175,66224104.0
3176,66224104.0
3177,66224104.0
3178,66224104.0
3179,66224104.0
3180,66224104.0
3181,66224104.0
3182,66224104.0
3183,66224104.0
3184,66224104.0
3185,66224104.0
3186,66224104.0
3187,66224104.0
3188,66224104.0
3189,66224104.0
3190,66224104.0
3191,66224104.0
3192,66224104.0
3193,66224104.0
3194,66224104.0
3195,66224104.0
3196,66224104.0
3197,66224104.0
3198,66224104.0
3199,66224104.0
3200,66224104.0
3201,66224104.0
3202,66224104.0
3203,66224104.0
3204,66224104.0
3205,66224104.0
3206,66224104.0
3207,66224104.0
3208,66224104.0
3209,66224104.0
3210,66224104.0
3211,66224104.0
3212,66224104.0
3213,66224104.0
3214,66224104.0
3215,66224104.0
3216,66224104.0
3217,66224104.0
3218,66224104.0
3219,66224104.0
3220,66224104.0
3221,66224104.0
3222,66224104.0
3223,66224104.0
3224,66224104.0
3225,66224104.0
3226,66224104.0
3227,66224104.0
3228,66224104.0
3229,66224104.0
3230,66224104.0
3231,66224104.0
3232,66224104.0
3233,66224104.0
3234,66224104.0
3235,66224104.0
3236,66224104.0
3237,66224104.0
3238,66224104.0
3239,66224104.0
3240,66224104.0
3241,66224104.0
3242,66224104.0
3243,66224104.0
3244,66224104.0
3245,66224104.0
3246,66224104.0
3247,66224104.0
3248,66224104.0
3249,66224104.0
3250,66224104.0
3251,66224104.0
3252,66224104.0
3253,66224104.0
3254,66224104.0
3255,66224104.0
3256,66224104.0
3257,66224104.0
3258,66224104.0
3259,66224104.0
3260,66224104.0
3261,66224104.0
3262,66224104.0
3263,66224104.0
3264,66224104.0
3265,66224104.0
3266,66224104.0
3267,66224104.0
3268,66224104.0
3269,66224104.0
3270,66224104.0
3271,66224104.0
3272,66224104.0
3273,66224104.0
3274,66224104.0
3275,66224104.0
3276,66224104.0
3277,66224104.0
3278,66224104.0
3279,66224104.0
3280,66224104.0
3281,66224104.0
3282,66224104.0
3283,66224104.0
3284,66224104.0
3285,66224104.0
3286,66224104.0
3287,66224104.0
3288,66224104.0
3289,66224104.0
3290,66224104.0
3291,66224104.0
3292,66224104.0
3293,66224104.0
3294,66224104.0
3295,66224104.0
3296,66224104.0
3297,66224104.0
3298,66224104.0
3299,66224104.0
3300,66224104.0
3301,66224104.0
3302,66224104.0
3303,66224104.0
3304,66224104.0
3305,66224104.0
3306,66224104.0
3307,66224104.0
3308,66224104.0
3309,66224104.0
3310,66224104.0
3311,66224104.0
3312,66224104.0
3313,66224104.0
3314,66224104.0
3315,66224104.0
3316,66224104.0
3317,66224104.0
3318,66224104.0
3319,66224104.0
3320,66224104.0
3321,66224104.0
3322,66224104.0
3323,66224104.0
3324,66224104.0
3325,66224104.0
3326,66224104.0
3327,66224104.0
3328,66224104.0
3329,66224104.0
3330,66224104.0
3331,66224104.0
3332,66224104.0
3333,66224104.0
3334,66224104.0
3335,66224104.0
3336,66224104.0
3337,66224104.0
3338,66224104.0
3339,66224104.0
3340,66224104.0
3341,66224104.0
3342,66224104.0
3343,66224104.0
3344,66224104.0
3345,66224104.0
3346,66224104.0
3347,66224104.0
3348,66224104.0
3349,66224104.0
3350,66224104.0
3351,66224104.0
3352,66224104.0
3353,66224104.0
3354,66224104.0
3355,66224104.0
3356,66224104.0
3357,66224104.0
3358,66224104.0
3359,66224104.0
3360,66224104.0
3361,66224104.0
3362,66224104.0
3363,66224104.0
3364,66224104.0
3365,66224104.0
3366,66224104.0
3367,66224104.0
3368,66224104.0
3369,66224104.0
3370,66224104.0
3371,66224104.0
3372,66224104.0
3373,66224104.0
3374,66224104.0
3375,66224104.0
3376,66224104.0
3377,66224104.0
3378,66224104.0
3379,66224104.0
3380,66224104.0
3381,66224104.0
3382,66224104.0
3383,66224104.0
3384,66224104.0
3385,66224104.0
3386,66224104.0
3387,66224104.0
3388,66224104.0
3389,66224104.0
3390,66224104.0
3391,66224104.0
3392,66224104.0
3393,66224104.0
3394,66224104.0
3395,66224104.0
3396,66224104.0
3397,66224104.0
3398,66224104.0
3399,66224104.0
3400,66224104.0
3401,66224104.0
3402,66224104.0
3403,66224104.0
3404,66224104.0
3405,66224104.0
3406,66224104.0
3407,66224104.0
3408,66224104.0
3409,66224104.0
3410,66224104.0
3411,66224104.0
3412,66224104.0
3413,66224104.0
3414,66224104.0
3415,66224104.0
3416,66224104.0
3417,66224104.0
3418,66224104.0
3419,66224104.0
3420,66224104.0
3421,66224104.0
3422,66224104.0
3423,66224104.0
3424,66224104.0
3425,66224104.0
3426,66224104.0
3427,66224104.0
3428,66224104.0
3429,66224104.0
3430,66224104.0
3431,66224104.0
3432,66224104.0
3433,66224104.0
3434,66224104.0
3435,66224104.0
3436,66224104.0
3437,66224104.0
3438,66224104.0
3439,66224104.0
3440,66224104.0
3441,66224104.0
3442,66224104.0
3443,66224104.0
3444,66224104.0
3445,66224104.0
3446,66224104.0
3447,66224104.0
3448,66224104.0
3449,66224104.0
3450,66224104.0
3451,66224104.0
3452,66224104.0
3453,66224104.0
3454,66224104.0
3455,66224104.0
3456,66224104.0
3457,66224104.0
3458,66224104.0
3459,66224104.0
3460,66224104.0
3461,66224104.0
3462,66224104.0
3463,66224104.0
3464,66224104.0
3465,66224104.0
3466,66224104.0
3467,66224104.0
3468,66224104.0
3469,66224104.0
3470,66224104.0
3471,66224104.0
3472,66224104.0
3473,66224104.0
3474,66224104.0
3475,66224104.0
3476,66224104.0
3477,66224104.0
3478,66224104.0
3479,66224104.0
3480,66224104.0
3481,66224104.0
3482,66224104.0
3483,66224104.0
3484,66224104.0
3485,66224104.0
3486,66224104.0
3487,66224104.0
3488,66224104.0
3489,66224104.0
3490,66224104.0
3491,66224104.0
3492,66224104.0
3493,66224104.0
3494,66224104.0
3495,66224104.0
3496,66224104.0
3497,66224104.0
3498,66224104.0
3499,66224104.0
3500,66224104.0
3501,66224104.0
3502,66224104.0
3503,66224104.0
3504,66224104.0
3505,66224104.0
3506,66224104.0
3507,66224104.0
3508,66224104.0
3509,66224104.0
3510,66224104.0
3511,66224104.0
3512,66224104.0
3513,66224104.0
3514,66224104.0
3515,66224104.0
3516,66224104.0
3517,66224104.0
3518,66224104.0
3519,66224104.0
3520,66224104.0
3521,66224104.0
3522,66224104.0
3523,66224104.0
3524,66224104.0
3525,66224104.0
3526,66224104.0
3527,66224104.0
3528,66224104.0
3529,66224104.0
3530,66224104.0
3531,66224104.0
3532,66224104.0
3533,66224104.0
3534,66224104.0
3535,66224104.0
3536,66224104.0
3537,66224104.0
3538,66224104.0
3539,66224104.0
3540,66224104.0
3541,66224104.0
3542,66224104.0
3543,66224104.0
3544,66224104.0
3545,66224104.0
3546,66224104.0
3547,66224104.0
3548,66224104.0
3549,66224104.0
3550,66224104.0
3551,66224104.0
3552,66224104.0
3553,66224104.0
3554,66224104.0
3555,66224104.0
3556,66224104.0
3557,66224104.0
3558,66224104.0
3559,66224104.0
3560,66224104.0
3561,66224104.0
3562,66224104.0
3563,66224104.0
3564,66224104.0
3565,66224104.0
3566,66224104.0
3567,66224104.0
3568,66224104.0
3569,66224104.0
3570,66224104.0
3571,66224104.0
3572,66224104.0
3573,66224104.0
3574,66224104.0
3575,66224104.0
3576,66224104.0
3577,66224104.0
3578,66224104.0
3579,66224104.0
3580,66224104.0
3581,66224104.0
3582,66224104.0
3583,66224104.0
3584,66224104.0
3585,66224104.0
3586,66224104.0
3587,66224104.0
3588,66224104.0
3589,66224104.0
3590,66224104.0
3591,66224104.0
3592,66224104.0
3593,66224104.0
3594,66224104.0
3595,66224104.0
3596,66224104.0
3597,66224104.0
3598,66224104.0
3599,66224104.0
3600,66224104.0
3601,66224104.0
3602,66224104.0
3603,66224104.0
3604,66224104.0
3605,66224104.0
3606,66224104.0
3607,66224104.0
3608,66224104.0
3609,66224104.0
3610,66224104.0
3611,66224104.0
3612,66224104.0
3613,66224104.0
3614,66224104.0
3615,66224104.0
3616,66224104.0
3617,66224104.0
3618,66224104.0
3619,66224104.0
3620,66224104.0
3621,66224104.0
3622,66224104.0
3623,66224104.0
3624,66224104.0
3625,66224104.0
3626,66224104.0
3627,66224104.0
3628,66224104.0
3629,66224104.0
3630,66224104.0
3631,66224104.0
3632,66224104.0
3633,66224104.0
3634,66224104.0
3635,66224104.0
3636,66224104.0
3637,66224104.0
3638,66224104.0
3639,66224104.0
3640,66224104.0
3641,66224104.0
3642,66224104.0
3643,66224104.0
3644,66224104.0
3645,66224104.0
3646,66224104.0
3647,66224104.0
3648,66224104.0
3649,66224104.0
3650,66224104.0
3651,66224104.0
3652,66224104.0
3653,66224104.0
3654,66224104.0
3655,66224104.0
3656,66224104.0
3657,66224104.0
3658,66224104.0
3659,66224104.0
3660,66224104.0
3661,66224104.0
3662,66224104.0
3663,66224104.0
3664,66224104.0
3665,66224104.0
3666,66224104.0
3667,66224104.0
3668,66224104.0
3669,66224104.0
3670,66224104.0
3671,66224104.0
3672,66224104.0
3673,66224104.0
3674,66224104.0
3675,66224104.0
3676,66224104.0
3677,66224104.0
3678,66224104.0
3679,66224104.0
3680,66224104.0
3681,66224104.0
3682,66224104.0
3683,66224104.0
3684,66224104.0
3685,66224104.0
3686,66224104.0
3687,66224104.0
3688,66224104.0
3689,66224104.0
3690,66224104.0
3691,66224104.0
3692,66224104.0
3693,66224104.0
3694,66224104.0
3695,66224104.0
3696,66224104.0
3697,66224104.0
3698,66224104.0
3699,66224104.0
3700,66224104.0
3701,66224104.0
3702,66224104.0
3703,66224104.0
3704,66224104.0
3705,66224104.0
3706,66224104.0
3707,66224104.0
3708,66224104.0
3709,66224104.0
3710,66224104.0
3711,66224104.0
3712,66224104.0
3713,66224104.0
3714,66224104.0
3715,66224104.0
3716,66224104.0
3717,66224104.0
3718,66224104.0
3719,66224104.0
3720,66224104.0
3721,66224104.0
3722,66224104.0
3723,66224104.0
3724,66224104.0
3725,66224104.0
3726,66224104.0
3727,66224104.0
3728,66224104.0
3729,66224104.0
3730,66224104.0
3731,66224104.0
3732,66224104.0
3733,66224104.0
3734,66224104.0
3735,66224104.0
3736,66224104.0
3737,66224104.0
3738,66224104.0
3739,66224104.0
3740,66224104.0
3741,66224104.0
3742,66224104.0
3743,66224104.0
3744,66224104.0
3745,66224104.0
3746,66224104.0
3747,66224104.0
3748,66224104.0
3749,66224104.0
3750,66224104.0
3751,66224104.0
3752,66224104.0
3753,66224104.0
3754,66224104.0
3755,66224104.0
3756,66224104.0
3757,66224104.0
3758,66224104.0
3759,66224104.0
3760,66224104.0
3761,66224104.0
3762,66224104.0
3763,66224104.0
3764,66224104.0
3765,66224104.0
3766,66224104.0
3767,66224104.0
3768,66224104.0
3769,66224104.0
3770,66224104.0
3771,66224104.0
3772,66224104.0
3773,66224104.0
3774,66224104.0
3775,66224104.0
3776,66224104.0
3777,66224104.0
3778,66224104.0
3779,66224104.0
3780,66224104.0
3781,66224104.0
3782,66224104.0
3783,66224104.0
3784,66224104.0
3785,66224104.0
3786,66224104.0
3787,66224104.0
3788,66224104.0
3789,66224104.0
3790,66224104.0
3791,66224104.0
3792,66224104.0
3793,66224104.0
3794,66224104.0
3795,66224104.0
3796,66224104.0
3797,66224104.0
3798,66224104.0
3799,66224104.0
3800,66224104.0
3801,66224104.0
3802,66224104.0
3803,66224104.0
3804,66224104.0
3805,66224104.0
3806,66224104.0
3807,66224104.0
3808,66224104.0
3809,66224104.0
3810,66224104.0
3811,66224104.0
3812,66224104.0
3813,66224104.0
3814,66224104.0
3815,66224104.0
3816,66224104.0
3817,66224104.0
3818,66224104.0
3819,66224104.0
3820,66224104.0
3821,66224104.0
3822,66224104.0
3823,66224104.0
3824,66224104.0
3825,66224104.0
3826,66224104.0
3827,66224104.0
3828,66224104.0
3829,66224104.0
3830,66224104.0
3831,66224104.0
3832,66224104.0
3833,66224104.0
3834,66224104.0
3835,66224104.0
3836,66224104.0
3837,66224104.0
3838,66224104.0
3839,66224104.0
3840,66224104.0
3841,66224104.0
3842,66224104.0
3843,66224104.0
3844,66224104.0
3845,66224104.0
3846,66224104.0
3847,66224104.0
3848,66224104.0
3849,66224104.0
3850,66224104.0
3851,66224104.0
3852,66224104.0
3853,66224104.0
3854,66224104.0
3855,66224104.0
3856,66224104.0
3857,66224104.0
3858,66224104.0
3859,66224104.0
3860,66224104.0
3861,66224104.0
3862,66224104.0
3863,66224104.0
3864,66224104.0
3865,66224104.0
3866,66224104.0
3867,66224104.0
3868,66224104.0
3869,66224104.0
3870,66224104.0
3871,66224104.0
3872,66224104.0
3873,66224104.0
3874,66224104.0
3875,66224104.0
3876,66224104.0
3877,66224104.0
3878,66224104.0
3879,66224104.0
3880,66224104.0
3881,66224104.0
3882,66224104.0
3883,66224104.0
3884,66224104.0
3885,66224104.0
3886,66224104.0
3887,66224104.0
3888,66224104.0
3889,66224104.0
3890,66224104.0
3891,66224104.0
3892,66224104.0
3893,66224104.0
3894,66224104.0
3895,66224104.0
3896,66224104.0
3897,66224104.0
3898,66224104.0
3899,66224104.0
3900,66224104.0
3901,66224104.0
3902,66224104.0
3903,66224104.0
3904,66224104.0
3905,66224104.0
3906,66224104.0
3907,66224104.0
3908,66224104.0
3909,66224104.0
3910,66224104.0
3911,66224104.0
3912,66224104.0
3913,66224104.0
3914,66224104.0
3915,66224104.0
3916,66224104.0
3917,66224104.0
3918,66224104.0
3919,66224104.0
3920,66224104.0
3921,66224104.0
3922,66224104.0
3923,66224104.0
3924,66224104.0
3925,66224104.0
3926,66224104.0
3927,66224104.0
3928,66224104.0
3929,66224104.0
3930,66224104.0
3931,66224104.0
3932,66224104.0
3933,66224104.0
3934,66224104.0
3935,66224104.0
3936,66224104.0
3937,66224104.0
3938,66224104.0
3939,66224104.0
3940,66224104.0
3941,66224104.0
3942,66224104.0
3943,66224104.0
3944,66224104.0
3945,66224104.0
3946,66224104.0
3947,66224104.0
3948,66224104.0
3949,66224104.0
3950,66224104.0
3951,66224104.0
3952,66224104.0
3953,66224104.0
3954,66224104.0
3955,66224104.0
3956,66224104.0
3957,66224104.0
3958,66224104.0
3959,66224104.0
3960,66224104.0
3961,66224104.0
3962,66224104.0
3963,66224104.0
3964,66224104.0
3965,66224104.0
3966,66224104.0
3967,66224104.0
3968,66224104.0
3969,66224104.0
3970,66224104.0
3971,66224104.0
3972,66224104.0
3973,66224104.0
3974,66224104.0
3975,66224104.0
3976,66224104.0
3977,66224104.0
3978,66224104.0
3979,66224104.0
3980,66224104.0
3981,66224104.0
3982,66224104.0
3983,66224104.0
3984,66224104.0
3985,66224104.0
3986,66224104.0
3987,66224104.0
3988,66224104.0
3989,66224104.0
3990,66224104.0
3991,66224104.0
3992,66224104.0
3993,66224104.0
3994,66224104.0
3995,66224104.0
3996,66224104.0
3997,66224104.0
3998,66224104.0
3999,66224104.0
4000,66224104.0
4001,66224104.0
4002,66224104.0
4003,66224104.0
4004,66224104.0
4005,66224104.0
4006,66224104.0
4007,66224104.0
4008,66224104.0
4009,66224104.0
4010,66224104.0
4011,66224104.0
4012,66224104.0
4013,66224104.0
4014,66224104.0
4015,66224104.0
4016,66224104.0
4017,66224104.0
4018,66224104.0
4019,66224104.0
4020,66224104.0
4021,66224104.0
4022,66224104.0
4023,66224104.0
4024,66224104.0
4025,66224104.0
4026,66224104.0
4027,66224104.0
4028,66224104.0
4029,66224104.0
4030,66224104.0
4031,66224104.0
4032,66224104.0
4033,66224104.0
4034,66224104.0
4035,66224104.0
4036,66224104.0
4037,66224104.0
4038,66224104.0
4039,66224104.0
4040,66224104.0
4041,66224104.0
4042,66224104.0
4043,66224104.0
4044,66224104.0
4045,66224104.0
4046,66224104.0
4047,66224104.0
4048,66224104.0
4049,66224104.0
4050,66224104.0
4051,66224104.0
4052,66224104.0
4053,66224104.0
4054,66224104.0
4055,66224104.0
4056,66224104.0
4057,66224104.0
4058,66224104.0
4059,66224104.0
4060,66224104.0
4061,66224104.0
4062,66224104.0
4063,66224104.0
4064,66224104.0
4065,66224104.0
4066,66224104.0
4067,66224104.0
4068,66224104.0
4069,66224104.0
4070,66224104.0
4071,66224104.0
4072,66224104.0
4073,66224104.0
4074,66224104.0
4075,66224104.0
4076,66224104.0
4077,66224104.0
4078,66224104.0
4079,66224104.0
4080,66224104.0
4081,66224104.0
4082,66224104.0
4083,66224104.0
4084,66224104.0
4085,66224104.0
4086,66224104.0
4087,66224104.0
4088,66224104.0
4089,66224104.0
4090,66224104.0
4091,66224104.0
4092,66224104.0
4093,66224104.0
4094,66224104.0
4095,66224104.0
4096,66224104.0
4097,66224104.0
4098,66224104.0
4099,66224104.0
4100,66224104.0
4101,66224104.0
4102,66224104.0
4103,66224104.0
4104,66224104.0
4105,66224104.0
4106,66224104.0
4107,66224104.0
4108,66224104.0
4109,66224104.0
4110,66224104.0
4111,66224104.0
4112,66224104.0
4113,66224104.0
4114,66224104.0
4115,66224104.0
4116,66224104.0
4117,66224104.0
4118,66224104.0
4119,66224104.0
4120,66224104.0
4121,66224104.0
4122,66224104.0
4123,66224104.0
4124,66224104.0
4125,66224104.0
4126,66224104.0
4127,66224104.0
4128,66224104.0
4129,66224104.0
4130,66224104.0
4131,66224104.0
4132,66224104.0
4133,66224104.0
4134,66224104.0
4135,66224104.0
4136,66224104.0
4137,66224104.0
4138,66224104.0
4139,66224104.0
4140,66224104.0
4141,66224104.0
4142,66224104.0
4143,66224104.0
4144,66224104.0
4145,66224104.0
4146,66224104.0
4147,66224104.0
4148,66224104.0
4149,66224104.0
4150,66224104.0
4151,66224104.0
4152,66224104.0
4153,66224104.0
4154,66224104.0
4155,66224104.0
4156,66224104.0
4157,66224104.0
4158,66224104.0
4159,66224104.0
4160,66224104.0
4161,66224104.0
4162,66224104.0
4163,66224104.0
4164,66224104.0
4165,66224104.0
4166,66224104.0
4167,66224104.0
4168,66224104.0
4169,66224104.0
4170,66224104.0
4171,66224104.0
4172,66224104.0
4173,66224104.0
4174,66224104.0
4175,66224104.0
4176,66224104.0
4177,66224104.0
4178,66224104.0
4179,66224104.0
4180,66224104.0
4181,66224104.0
4182,66224104.0
4183,66224104.0
4184,66224104.0
4185,66224104.0
4186,66224104.0
4187,66224104.0
4188,66224104.0
4189,66224104.0
4190,66224104.0
4191,66224104.0
4192,66224104.0
4193,66224104.0
4194,66224104.0
4195,66224104.0
4196,66224104.0
4197,66224104.0
4198,66224104.0
4199,66224104.0
4200,66224104.0
4201,66224104.0
4202,66224104.0
4203,66224104.0
4204,66224104.0
4205,66224104.0
4206,66224104.0
4207,66224104.0
4208,66224104.0
4209,66224104.0
4210,66224104.0
4211,66224104.0
4212,66224104.0
4213,66224104.0
4214,66224104.0
4215,66224104.0
4216,66224104.0
4217,66224104.0
4218,66224104.0
4219,66224104.0
4220,66224104.0
4221,66224104.0
4222,66224104.0
4223,66224104.0
4224,66224104.0
4225,66224104.0
4226,66224104.0
4227,66224104.0
4228,66224104.0
4229,66224104.0
4230,66224104.0
4231,66224104.0
4232,66224104.0
4233,66224104.0
4234,66224104.0
4235,66224104.0
4236,66224104.0
4237,66224104.0
4238,66224104.0
4239,66224104.0
4240,66224104.0
4241,66224104.0
4242,66224104.0
4243,66224104.0
4244,66224104.0
4245,66224104.0
4246,66224104.0
4247,66224104.0
4248,66224104.0
4249,66224104.0
4250,66224104.0
4251,66224104.0
4252,66224104.0
4253,66224104.0
4254,66224104.0
4255,66224104.0
4256,66224104.0
4257,66224104.0
4258,66224104.0
4259,66224104.0
4260,66224104.0
4261,66224104.0
4262,66224104.0
4263,66224104.0
4264,66224104.0
4265,66224104.0
4266,66224104.0
4267,66224104.0
4268,66224104.0
4269,66224104.0
4270,66224104.0
4271,66224104.0
4272,66224104.0
4273,66224104.0
4274,66224104.0
4275,66224104.0
4276,66224104.0
4277,66224104.0
4278,66224104.0
4279,66224104.0
4280,66224104.0
4281,66224104.0
4282,66224104.0
4283,66224104.0
4284,66224104.0
4285,66224104.0
4286,66224104.0
4287,66224104.0
4288,66224104.0
4289,66224104.0
4290,66224104.0
4291,66224104.0
4292,66224104.0
4293,66224104.0
4294,66224104.0
4295,66224104.0
4296,66224104.0
4297,66224104.0
4298,66224104.0
4299,66224104.0
4300,66224104.0
4301,66224104.0
4302,66224104.0
4303,66224104.0
4304,66224104.0
4305,66224104.0
4306,66224104.0
4307,66224104.0
4308,66224104.0
4309,66224104.0
4310,66224104.0
4311,66224104.0
4312,66224104.0
4313,66224104.0
4314,66224104.0
4315,66224104.0
4316,66224104.0
4317,66224104.0
4318,66224104.0
4319,66224104.0
4320,66224104.0
4321,66224104.0
4322,66224104.0
4323,66224104.0
4324,66224104.0
4325,66224104.0
4326,66224104.0
4327,66224104.0
4328,66224104.0
4329,66224104.0
4330,66224104.0
4331,66224104.0
4332,66224104.0
4333,66224104.0
4334,66224104.0
4335,66224104.0
4336,66224104.0
4337,66224104.0
4338,66224104.0
4339,66224104.0
4340,66224104.0
4341,66224104.0
4342,66224104.0
4343,66224104.0
4344,66224104.0
4345,66224104.0
4346,66224104.0
4347,66224104.0
4348,66224104.0
4349,66224104.0
4350,66224104.0
4351,66224104.0
4352,66224104.0
4353,66224104.0
4354,66224104.0
4355,66224104.0
4356,66224104.0
4357,66224104.0
4358,66224104.0
4359,66224104.0
4360,66224104.0
4361,66224104.0
4362,66224104.0
4363,66224104.0
4364,66224104.0
4365,66224104.0
4366,66224104.0
4367,66224104.0
4368,66224104.0
4369,66224104.0
4370,66224104.0
4371,66224104.0
4372,66224104.0
4373,66224104.0
4374,66224104.0
4375,66224104.0
4376,66224104.0
4377,66224104.0
4378,66224104.0
4379,66224104.0
4380,66224104.0
4381,66224104.0
4382,66224104.0
4383,66224104.0
4384,66224104.0
4385,66224104.0
4386,66224104.0
4387,66224104.0
4388,66224104.0
4389,66224104.0
4390,66224104.0
4391,66224104.0
4392,66224104.0
4393,66224104.0
4394,66224104.0
4395,66224104.0
4396,66224104.0
4397,66224104.0
4398,66224104.0
4399,66224104.0
4400,66224104.0
4401,66224104.0
4402,66224104.0
4403,66224104.0
4404,66224104.0
4405,66224104.0
4406,66224104.0
4407,66224104.0
4408,66224104.0
4409,66224104.0
4410,66224104.0
4411,66224104.0
4412,66224104.0
4413,66224104.0
4414,66224104.0
4415,66224104.0
4416,66224104.0
4417,66224104.0
4418,66224104.0
4419,66224104.0
4420,66224104.0
4421,66224104.0
4422,66224104.0
4423,66224104.0
4424,66224104.0
4425,66224104.0
4426,66224104.0
4427,66224104.0
4428,66224104.0
4429,66224104.0
4430,66224104.0
4431,66224104.0
4432,66224104.0
4433,66224104.0
4434,66224104.0
4435,66224104.0
4436,66224104.0
4437,66224104.0
4438,66224104.0
4439,66224104.0
4440,66224104.0
4441,66224104.0
4442,66224104.0
4443,66224104.0
4444,66224104.0
4445,66224104.0
4446,66224104.0
4447,66224104.0
4448,66224104.0
4449,66224104.0
4450,66224104.0
4451,66224104.0
4452,66224104.0
4453,66224104.0
4454,66224104.0
4455,66224104.0
4456,66224104.0
4457,66224104.0
4458,66224104.0
4459,66224104.0
4460,66224104.0
4461,66224104.0
4462,66224104.0
4463,66224104.0
4464,66224104.0
4465,66224104.0
4466,66224104.0
4467,66224104.0
4468,66224104.0
4469,66224104.0
4470,66224104.0
4471,66224104.0
4472,66224104.0
4473,66224104.0
4474,66224104.0
4475,66224104.0
4476,66224104.0
4477,66224104.0
4478,66224104.0
4479,66224104.0
4480,66224104.0
4481,66224104.0
4482,66224104.0
4483,66224104.0
4484,66224104.0
4485,66224104.0
4486,66224104.0
4487,66224104.0
4488,66224104.0
4489,66224104.0
4490,66224104.0
4491,66224104.0
4492,66224104.0
4493,66224104.0
4494,66224104.0
4495,66224104.0
4496,66224104.0
4497,66224104.0
4498,66224104.0
4499,66224104.0
4500,66224104.0
4501,66224104.0
4502,66224104.0
4503,66224104.0
4504,66224104.0
4505,66224104.0
4506,66224104.0
4507,66224104.0
4508,66224104.0
4509,66224104.0
4510,66224104.0
4511,66224104.0
4512,66224104.0
4513,66224104.0
4514,66224104.0
4515,66224104.0
4516,66224104.0
4517,66224104.0
4518,66224104.0
4519,66224104.0
4520,66224104.0
4521,66224104.0
4522,66224104.0
4523,66224104.0
4524,66224104.0
4525,66224104.0
4526,66224104.0
4527,66224104.0
4528,66224104.0
4529,66224104.0
4530,66224104.0
4531,66224104.0
4532,66224104.0
4533,66224104.0
4534,66224104.0
4535,66224104.0
4536,66224104.0
4537,66224104.0
4538,66224104.0
4539,66224104.0
4540,66224104.0
4541,66224104.0
4542,66224104.0
4543,66224104.0
4544,66224104.0
4545,66224104.0
4546,66224104.0
4547,66224104.0
4548,66224104.0
4549,66224104.0
4550,66224104.0
4551,66224104.0
4552,66224104.0
4553,66224104.0
4554,66224104.0
4555,66224104.0
4556,66224104.0
4557,66224104.0
4558,66224104.0
4559,66224104.0
4560,66224104.0
4561,66224104.0
4562,66224104.0
4563,66224104.0
4564,66224104.0
4565,66224104.0
4566,66224104.0
4567,66224104.0
4568,66224104.0
4569,66224104.0
4570,66224104.0
4571,66224104.0
4572,66224104.0
4573,66224104.0
4574,66224104.0
4575,66224104.0
4576,66224104.0
4577,66224104.0
4578,66224104.0
4579,66224104.0
4580,66224104.0
4581,66224104.0
4582,66224104.0
4583,66224104.0
4584,66224104.0
4585,66224104.0
4586,66224104.0
4587,66224104.0
4588,66224104.0
4589,66224104.0
4590,66224104.0
4591,66224104.0
4592,66224104.0
4593,66224104.0
4594,66224104.0
4595,66224104.0
4596,66224104.0
4597,66224104.0
4598,66224104.0
4599,66224104.0
4600,66224104.0
4601,66224104.0
4602,66224104.0
4603,66224104.0
4604,66224104.0
4605,66224104.0
4606,66224104.0
4607,66224104.0
4608,66224104.0
4609,66224104.0
4610,66224104.0
4611,66224104.0
4612,66224104.0
4613,66224104.0
4614,66224104.0
4615,66224104.0
4616,66224104.0
4617,66224104.0
4618,66224104.0
4619,66224104.0
4620,66224104.0
4621,66224104.0
4622,66224104.0
4623,66224104.0
4624,66224104.0
4625,66224104.0
4626,66224104.0
4627,66224104.0
4628,66224104.0
4629,66224104.0
4630,66224104.0
4631,66224104.0
4632,66224104.0
4633,66224104.0
4634,66224104.0
4635,66224104.0
4636,66224104.0
4637,66224104.0
4638,66224104.0
4639,66224104.0
4640,66224104.0
4641,66224104.0
4642,66224104.0
4643,66224104.0
4644,66224104.0
4645,66224104.0
4646,66224104.0
4647,66224104.0
4648,66224104.0
4649,66224104.0
4650,66224104.0
4651,66224104.0
4652,66224104.0
4653,66224104.0
4654,66224104.0
4655,66224104.0
4656,66224104.0
4657,66224104.0
4658,66224104.0
4659,66224104.0
4660,66224104.0
4661,66224104.0
4662,66224104.0
4663,66224104.0
4664,66224104.0
4665,66224104.0
4666,66224104.0
4667,66224104.0
4668,66224104.0
4669,66224104.0
4670,66224104.0
4671,66224104.0
4672,66224104.0
4673,66224104.0
4674,66224104.0
4675,66224104.0
4676,66224104.0
4677,66224104.0
4678,66224104.0
4679,66224104.0
4680,66224104.0
4681,66224104.0
4682,66224104.0
4683,66224104.0
4684,66224104.0
4685,66224104.0
4686,66224104.0
4687,66224104.0
4688,66224104.0
4689,66224104.0
4690,66224104.0
4691,66224104.0
4692,66224104.0
4693,66224104.0
4694,66224104.0
4695,66224104.0
4696,66224104.0
4697,66224104.0
4698,66224104.0
4699,66224104.0
4700,66224104.0
4701,66224104.0
4702,66224104.0
4703,66224104.0
4704,66224104.0
4705,66224104.0
4706,66224104.0
4707,66224104.0
4708,66224104.0
4709,66224104.0
4710,66224104.0
4711,66224104.0
4712,66224104.0
4713,66224104.0
4714,66224104.0
4715,66224104.0
4716,66224104.0
4717,66224104.0
4718,66224104.0
4719,66224104.0
4720,66224104.0
4721,66224104.0
4722,66224104.0
4723,66224104.0
4724,66224104.0
4725,66224104.0
4726,66224104.0
4727,66224104.0
4728,66224104.0
4729,66224104.0
4730,66224104.0
4731,66224104.0
4732,66224104.0
4733,66224104.0
4734,66224104.0
4735,66224104.0
4736,66224104.0
4737,66224104.0
4738,66224104.0
4739,66224104.0
4740,66224104.0
4741,66224104.0
4742,66224104.0
4743,66224104.0
4744,66224104.0
4745,66224104.0
4746,66224104.0
4747,66224104.0
4748,66224104.0
4749,66224104.0
4750,66224104.0
4751,66224104.0
4752,66224104.0
4753,66224104.0
4754,66224104.0
4755,66224104.0
4756,66224104.0
4757,66224104.0
4758,66224104.0
4759,66224104.0
4760,66224104.0
4761,66224104.0
4762,66224104.0
4763,66224104.0
4764,66224104.0
4765,66224104.0
4766,66224104.0
4767,66224104.0
4768,66224104.0
4769,66224104.0
4770,66224104.0
4771,66224104.0
4772,66224104.0
4773,66224104.0
4774,66224104.0
4775,66224104.0
4776,66224104.0
4777,66224104.0
4778,66224104.0
4779,66224104.0
4780,66224104.0
4781,66224104.0
4782,66224104.0
4783,66224104.0
4784,66224104.0
4785,66224104.0
4786,66224104.0
4787,66224104.0
4788,66224104.0
4789,66224104.0
4790,66224104.0
4791,66224104.0
4792,66224104.0
4793,66224104.0
4794,66224104.0
4795,66224104.0
4796,66224104.0
4797,66224104.0
4798,66224104.0
4799,66224104.0
4800,66224104.0
4801,66224104.0
4802,66224104.0
4803,66224104.0
4804,66224104.0
4805,66224104.0
4806,66224104.0
4807,66224104.0
4808,66224104.0
4809,66224104.0
4810,66224104.0
4811,66224104.0
4812,66224104.0
4813,66224104.0
4814,66224104.0
4815,66224104.0
4816,66224104.0
4817,66224104.0
4818,66224104.0
4819,66224104.0
4820,66224104.0
4821,66224104.0
4822,66224104.0
4823,66224104.0
4824,66224104.0
4825,66224104.0
4826,66224104.0
4827,66224104.0
4828,66224104.0
4829,66224104.0
4830,66224104.0
4831,66224104.0
4832,66224104.0
4833,66224104.0
4834,66224104.0
4835,66224104.0
4836,66224104.0
4837,66224104.0
4838,66224104.0
4839,66224104.0
4840,66224104.0
4841,66224104.0
4842,66224104.0
4843,66224104.0
4844,66224104.0
4845,66224104.0
4846,66224104.0
4847,66224104.0
4848,66224104.0
4849,66224104.0
4850,66224104.0
4851,66224104.0
4852,66224104.0
4853,66224104.0
4854,66224104.0
4855,66224104.0
4856,66224104.0
4857,66224104.0
4858,66224104.0
4859,66224104.0
4860,66224104.0
4861,66224104.0
4862,66224104.0
4863,66224104.0
4864,66224104.0
4865,66224104.0
4866,66224104.0
4867,66224104.0
4868,66224104.0
4869,66224104.0
4870,66224104.0
4871,66224104.0
4872,66224104.0
4873,66224104.0
4874,66224104.0
4875,66224104.0
4876,66224104.0
4877,66224104.0
4878,66224104.0
4879,66224104.0
4880,66224104.0
4881,66224104.0
4882,66224104.0
4883,66224104.0
4884,66224104.0
4885,66224104.0
4886,66224104.0
4887,66224104.0
4888,66224104.0
4889,66224104.0
4890,66224104.0
4891,66224104.0
4892,66224104.0
4893,66224104.0
4894,66224104.0
4895,66224104.0
4896,66224104.0
4897,66224104.0
4898,66224104.0
4899,66224104.0
4900,66224104.0
4901,66224104.0
4902,66224104.0
4903,66224104.0
4904,66224104.0
4905,66224104.0
4906,66224104.0
4907,66224104.0
4908,66224104.0
4909,66224104.0
4910,66224104.0
4911,66224104.0
4912,66224104.0
4913,66224104.0
4914,66224104.0
4915,66224104.0
4916,66224104.0
4917,66224104.0
4918,66224104.0
4919,66224104.0
4920,66224104.0
4921,66224104.0
4922,66224104.0
4923,66224104.0
4924,66224104.0
4925,66224104.0
4926,66224104.0
4927,66224104.0
4928,66224104.0
4929,66224104.0
4930,66224104.0
4931,66224104.0
4932,66224104.0
4933,66224104.0
4934,66224104.0
4935,66224104.0
4936,66224104.0
4937,66224104.0
4938,66224104.0
4939,66224104.0
4940,66224104.0
4941,66224104.0
4942,66224104.0
4943,66224104.0
4944,66224104.0
4945,66224104.0
4946,66224104.0
4947,66224104.0
4948,66224104.0
4949,66224104.0
4950,66224104.0
4951,66224104.0
4952,66224104.0
4953,66224104.0
4954,66224104.0
4955,66224104.0
4956,66224104.0
4957,66224104.0
4958,66224104.0
4959,66224104.0
4960,66224104.0
4961,66224104.0
4962,66224104.0
4963,66224104.0
4964,66224104.0
4965,66224104.0
4966,66224104.0
4967,66224104.0
4968,66224104.0
4969,66224104.0
4970,66224104.0
4971,66224104.0
4972,66224104.0
4973,66224104.0
4974,66224104.0
4975,66224104.0
4976,66224104.0
4977,66224104.0
4978,66224104.0
4979,66224104.0
4980,66224104.0
4981,66224104.0
4982,66224104.0
4983,66224104.0
4984,66224104.0
4985,66224104.0
4986,66224104.0
4987,66224104.0
4988,66224104.0
4989,66224104.0
4990,66224104.0
4991,66224104.0
4992,66224104.0
4993,66224104.0
4994,66224104.0
4995,66224104.0
4996,66224104.0
4997,66224104.0
4998,66224104.0
4999,66224104.0
5000,66224104.0
5001,66224104.0
5002,66224104.0
5003,66224104.0
5004,66224104.0
5005,66224104.0
5006,66224104.0
5007,66224104.0
5008,66224104.0
5009,66224104.0
5010,66224104.0
5011,66224104.0
5012,66224104.0
5013,66224104.0
5014,66224104.0
5015,66224104.0
5016,66224104.0
5017,66224104.0
5018,66224104.0
5019,66224104.0
5020,66224104.0
5021,66224104.0
5022,66224104.0
5023,66224104.0
5024,66224104.0
5025,66224104.0
5026,66224104.0
5027,66224104.0
5028,66224104.0
5029,66224104.0
5030,66224104.0
5031,66224104.0
5032,66224104.0
5033,66224104.0
5034,66224104.0
5035,66224104.0
5036,66224104.0
5037,66224104.0
5038,66224104.0
5039,66224104.0
5040,66224104.0
5041,66224104.0
5042,66224104.0
5043,66224104.0
5044,66224104.0
5045,66224104.0
5046,66224104.0
5047,66224104.0
5048,66224104.0
5049,66224104.0
5050,66224104.0
5051,66224104.0
5052,66224104.0
5053,66224104.0
5054,66224104.0
5055,66224104.0
5056,66224104.0
5057,66224104.0
5058,66224104.0
5059,66224104.0
5060,66224104.0
5061,66224104.0
5062,66224104.0
5063,66224104.0
5064,66224104.0
5065,66224104.0
5066,66224104.0
5067,66224104.0
5068,66224104.0
5069,66224104.0
5070,66224104.0
5071,66224104.0
5072,66224104.0
5073,66224104.0
5074,66224104.0
5075,66224104.0
5076,66224104.0
5077,66224104.0
5078,66224104.0
5079,66224104.0
5080,66224104.0
5081,66224104.0
5082,66224104.0
5083,66224104.0
5084,66224104.0
5085,66224104.0
5086,66224104.0
5087,66224104.0
5088,66224104.0
5089,66224104.0
5090,66224104.0
5091,66224104.0
5092,66224104.0
5093,66224104.0
5094,66224104.0
5095,66224104.0
5096,66224104.0
5097,66224104.0
5098,66224104.0
5099,66224104.0
5100,66224104.0
5101,66224104.0
5102,66224104.0
5103,66224104.0
5104,66224104.0
5105,66224104.0
5106,66224104.0
5107,66224104.0
5108,66224104.0
5109,66224104.0
5110,66224104.0
5111,66224104.0
5112,66224104.0
5113,66224104.0
5114,66224104.0
5115,66224104.0
5116,66224104.0
5117,66224104.0
5118,66224104.0
5119,66224104.0
5120,66224104.0
5121,66224104.0
5122,66224104.0
5123,66224104.0
5124,66224104.0
5125,66224104.0
5126,66224104.0
5127,66224104.0
5128,66224104.0
5129,66224104.0
5130,66224104.0
5131,66224104.0
5132,66224104.0
5133,66224104.0
5134,66224104.0
5135,66224104.0
5136,66224104.0
5137,66224104.0
5138,66224104.0
5139,66224104.0
5140,66224104.0
5141,66224104.0
5142,66224104.0
5143,66224104.0
5144,66224104.0
5145,66224104.0
5146,66224104.0
5147,66224104.0
5148,66224104.0
5149,66224104.0
5150,66224104.0
5151,66224104.0
5152,66224104.0
5153,66224104.0
5154,66224104.0
5155,66224104.0
5156,66224104.0
5157,66224104.0
5158,66224104.0
5159,66224104.0
5160,66224104.0
5161,66224104.0
5162,66224104.0
5163,66224104.0
5164,66224104.0
5165,66224104.0
5166,66224104.0
5167,66224104.0
5168,66224104.0
5169,66224104.0
5170,66224104.0
5171,66224104.0
5172,66224104.0
5173,66224104.0
5174,66224104.0
5175,66224104.0
5176,66224104.0
5177,66224104.0
5178,66224104.0
5179,66224104.0
5180,66224104.0
5181,66224104.0
5182,66224104.0
5183,66224104.0
5184,66224104.0
5185,66224104.0
5186,66224104.0
5187,66224104.0
5188,66224104.0
5189,66224104.0
5190,66224104.0
5191,66224104.0
5192,66224104.0
5193,66224104.0
5194,66224104.0
5195,66224104.0
5196,66224104.0
5197,66224104.0
5198,66224104.0
5199,66224104.0
5200,66224104.0
5201,66224104.0
5202,66224104.0
5203,66224104.0
5204,66224104.0
5205,66224104.0
5206,66224104.0
5207,66224104.0
5208,66224104.0
5209,66224104.0
5210,66224104.0
5211,66224104.0
5212,66224104.0
5213,66224104.0
5214,66224104.0
5215,66224104.0
5216,66224104.0
5217,66224104.0
5218,66224104.0
5219,66224104.0
5220,66224104.0
5221,66224104.0
5222,66224104.0
5223,66224104.0
5224,66224104.0
5225,66224104.0
5226,66224104.0
5227,66224104.0
5228,66224104.0
5229,66224104.0
5230,66224104.0
5231,66224104.0
5232,66224104.0
5233,66224104.0
5234,66224104.0
5235,66224104.0
5236,66224104.0
5237,66224104.0
5238,66224104.0
5239,66224104.0
5240,66224104.0
5241,66224104.0
5242,66224104.0
5243,66224104.0
5244,66224104.0
5245,66224104.0
5246,66224104.0
5247,66224104.0
5248,66224104.0
5249,66224104.0
5250,66224104.0
5251,66224104.0
5252,66224104.0
5253,66224104.0
5254,66224104.0
5255,66224104.0
5256,66224104.0
5257,66224104.0
5258,66224104.0
5259,66224104.0
5260,66224104.0
5261,66224104.0
5262,66224104.0
5263,66224104.0
5264,66224104.0
5265,66224104.0
5266,66224104.0
5267,66224104.0
5268,66224104.0
5269,66224104.0
5270,66224104.0
5271,66224104.0
5272,66224104.0
5273,66224104.0
5274,66224104.0
5275,66224104.0
5276,66224104.0
5277,66224104.0
5278,66224104.0
5279,66224104.0
5280,66224104.0
5281,66224104.0
5282,66224104.0
5283,66224104.0
5284,66224104.0
5285,66224104.0
5286,66224104.0
5287,66224104.0
5288,66224104.0
5289,66224104.0
5290,66224104.0
5291,66224104.0
5292,66224104.0
5293,66224104.0
5294,66224104.0
5295,66224104.0
5296,66224104.0
5297,66224104.0
5298,66224104.0
5299,66224104.0
5300,66224104.0
5301,66224104.0
5302,66224104.0
5303,66224104.0
5304,66224104.0
5305,66224104.0
5306,66224104.0
5307,66224104.0
5308,66224104.0
5309,66224104.0
5310,66224104.0
5311,66224104.0
5312,66224104.0
5313,66224104.0
5314,66224104.0
5315,66224104.0
5316,66224104.0
5317,66224104.0
5318,66224104.0
5319,66224104.0
5320,66224104.0
5321,66224104.0
5322,66224104.0
5323,66224104.0
5324,66224104.0
5325,66224104.0
5326,66224104.0
5327,66224104.0
5328,66224104.0
5329,66224104.0
5330,66224104.0
5331,66224104.0
5332,66224104.0
5333,66224104.0
5334,66224104.0
5335,66224104.0
5336,66224104.0
5337,66224104.0
5338,66224104.0
5339,66224104.0
5340,66224104.0
5341,66224104.0
5342,66224104.0
5343,66224104.0
5344,66224104.0
5345,66224104.0
5346,66224104.0
5347,66224104.0
5348,66224104.0
5349,66224104.0
5350,66224104.0
5351,66224104.0
5352,66224104.0
5353,66224104.0
5354,66224104.0
5355,66224104.0
5356,66224104.0
5357,66224104.0
5358,66224104.0
5359,66224104.0
5360,66224104.0
5361,66224104.0
5362,66224104.0
5363,66224104.0
5364,66224104.0
5365,66224104.0
5366,66224104.0
5367,66224104.0
5368,66224104.0
5369,66224104.0
5370,66224104.0
5371,66224104.0
5372,66224104.0
5373,66224104.0
5374,66224104.0
5375,66224104.0
5376,66224104.0
5377,66224104.0
5378,66224104.0
5379,66224104.0
5380,66224104.0
5381,66224104.0
5382,66224104.0
5383,66224104.0
5384,66224104.0
5385,66224104.0
5386,66224104.0
5387,66224104.0
5388,66224104.0
5389,66224104.0
5390,66224104.0
5391,66224104.0
5392,66224104.0
5393,66224104.0
5394,66224104.0
5395,66224104.0
5396,66224104.0
5397,66224104.0
5398,66224104.0
5399,66224104.0
5400,66224104.0
5401,66224104.0
5402,66224104.0
5403,66224104.0
5404,66224104.0
5405,66224104.0
5406,66224104.0
5407,66224104.0
5408,66224104.0
5409,66224104.0
5410,66224104.0
5411,66224104.0
5412,66224104.0
5413,66224104.0
5414,66224104.0
5415,66224104.0
5416,66224104.0
5417,66224104.0
5418,66224104.0
5419,66224104.0
5420,66224104.0
5421,66224104.0
5422,66224104.0
5423,66224104.0
5424,66224104.0
5425,66224104.0
5426,66224104.0
5427,66224104.0
5428,66224104.0
5429,66224104.0
5430,66224104.0
5431,66224104.0
5432,66224104.0
5433,66224104.0
5434,66224104.0
5435,66224104.0
5436,66224104.0
5437,66224104.0
5438,66224104.0
5439,66224104.0
5440,66224104.0
5441,66224104.0
5442,66224104.0
5443,66224104.0
5444,66224104.0
5445,66224104.0
5446,66224104.0
5447,66224104.0
5448,66224104.0
5449,66224104.0
5450,66224104.0
5451,66224104.0
5452,66224104.0
5453,66224104.0
5454,66224104.0
5455,66224104.0
5456,66224104.0
5457,66224104.0
5458,66224104.0
5459,66224104.0
5460,66224104.0
5461,66224104.0
5462,66224104.0
5463,66224104.0
5464,66224104.0
5465,66224104.0
5466,66224104.0
5467,66224104.0
5468,66224104.0
5469,66224104.0
5470,66224104.0
5471,66224104.0
5472,66224104.0
5473,66224104.0
5474,66224104.0
5475,66224104.0
5476,66224104.0
5477,66224104.0
5478,66224104.0
5479,66224104.0
5480,66224104.0
5481,66224104.0
5482,66224104.0
5483,66224104.0
5484,66224104.0
5485,66224104.0
5486,66224104.0
5487,66224104.0
5488,66224104.0
5489,66224104.0
5490,66224104.0
5491,66224104.0
5492,66224104.0
5493,66224104.0
5494,66224104.0
5495,66224104.0
5496,66224104.0
5497,66224104.0
5498,66224104.0
5499,66224104.0
5500,66224104.0
5501,66224104.0
5502,66224104.0
5503,66224104.0
5504,66224104.0
5505,66224104.0
5506,66224104.0
5507,66224104.0
5508,66224104.0
5509,66224104.0
5510,66224104.0
5511,66224104.0
5512,66224104.0
5513,66224104.0
5514,66224104.0
5515,66224104.0
5516,66224104.0
5517,66224104.0
5518,66224104.0
5519,66224104.0
5520,66224104.0
5521,66224104.0
5522,66224104.0
5523,66224104.0
5524,66224104.0
5525,66224104.0
5526,66224104.0
5527,66224104.0
5528,66224104.0
5529,66224104.0
5530,66224104.0
5531,66224104.0
5532,66224104.0
5533,66224104.0
5534,66224104.0
5535,66224104.0
5536,66224104.0
5537,66224104.0
5538,66224104.0
5539,66224104.0
5540,66224104.0
5541,66224104.0
5542,66224104.0
5543,66224104.0
5544,66224104.0
5545,66224104.0
5546,66224104.0
5547,66224104.0
5548,66224104.0
5549,66224104.0
5550,66224104.0
5551,66224104.0
5552,66224104.0
5553,66224104.0
5554,66224104.0
5555,66224104.0
5556,66224104.0
5557,66224104.0
5558,66224104.0
5559,66224104.0
5560,66224104.0
5561,66224104.0
5562,66224104.0
5563,66224104.0
5564,66224104.0
5565,66224104.0
5566,66224104.0
5567,66224104.0
5568,66224104.0
5569,66224104.0
5570,66224104.0
5571,66224104.0
5572,66224104.0
5573,66224104.0
5574,66224104.0
5575,66224104.0
5576,66224104.0
5577,66224104.0
5578,66224104.0
5579,66224104.0
5580,66224104.0
5581,66224104.0
5582,66224104.0
5583,66224104.0
5584,66224104.0
5585,66224104.0
5586,66224104.0
5587,66224104.0
5588,66224104.0
5589,66224104.0
5590,66224104.0
5591,66224104.0
5592,66224104.0
5593,66224104.0
5594,66224104.0
5595,66224104.0
5596,66224104.0
5597,66224104.0
5598,66224104.0
5599,66224104.0
5600,66224104.0
5601,66224104.0
5602,66224104.0
5603,66224104.0
5604,66224104.0
5605,66224104.0
5606,66224104.0
5607,66224104.0
5608,66224104.0
5609,66224104.0
5610,66224104.0
5611,66224104.0
5612,66224104.0
5613,66224104.0
5614,66224104.0
5615,66224104.0
5616,66224104.0
5617,66224104.0
5618,66224104.0
5619,66224104.0
5620,66224104.0
5621,66224104.0
5622,66224104.0
5623,66224104.0
5624,66224104.0
5625,66224104.0
5626,66224104.0
5627,66224104.0
5628,66224104.0
5629,66224104.0
5630,66224104.0
5631,66224104.0
5632,66224104.0
5633,66224104.0
5634,66224104.0
5635,66224104.0
5636,66224104.0
5637,66224104.0
5638,66224104.0
5639,66224104.0
5640,66224104.0
5641,66224104.0
5642,66224104.0
5643,66224104.0
5644,66224104.0
5645,66224104.0
5646,66224104.0
5647,66224104.0
5648,66224104.0
5649,66224104.0
5650,66224104.0
5651,66224104.0
5652,66224104.0
5653,66224104.0
5654,66224104.0
5655,66224104.0
5656,66224104.0
5657,66224104.0
5658,66224104.0
5659,66224104.0
5660,66224104.0
5661,66224104.0
5662,66224104.0
5663,66224104.0
5664,66224104.0
5665,66224104.0
5666,66224104.0
5667,66224104.0
5668,66224104.0
5669,66224104.0
5670,66224104.0
5671,66224104.0
5672,66224104.0
5673,66224104.0
5674,66224104.0
5675,66224104.0
5676,66224104.0
5677,66224104.0
5678,66224104.0
5679,66224104.0
5680,66224104.0
5681,66224104.0
5682,66224104.0
5683,66224104.0
5684,66224104.0
5685,66224104.0
5686,66224104.0
5687,66224104.0
5688,66224104.0
5689,66224104.0
5690,66224104.0
5691,66224104.0
5692,66224104.0
5693,66224104.0
5694,66224104.0
5695,66224104.0
5696,66224104.0
5697,66224104.0
5698,66224104.0
5699,66224104.0
5700,66224104.0
5701,66224104.0
5702,66224104.0
5703,66224104.0
5704,66224104.0
5705,66224104.0
5706,66224104.0
5707,66224104.0
5708,66224104.0
5709,66224104.0
5710,66224104.0
5711,66224104.0
5712,66224104.0
5713,66224104.0
5714,66224104.0
5715,66224104.0
5716,66224104.0
5717,66224104.0
5718,66224104.0
5719,66224104.0
5720,66224104.0
5721,66224104.0
5722,66224104.0
5723,66224104.0
5724,66224104.0
5725,66224104.0
5726,66224104.0
5727,66224104.0
5728,66224104.0
5729,66224104.0
5730,66224104.0
5731,66224104.0
5732,66224104.0
5733,66224104.0
5734,66224104.0
5735,66224104.0
5736,66224104.0
5737,66224104.0
5738,66224104.0
5739,66224104.0
5740,66224104.0
5741,66224104.0
5742,66224104.0
5743,66224104.0
5744,66224104.0
5745,66224104.0
5746,66224104.0
5747,66224104.0
5748,66224104.0
5749,66224104.0
5750,66224104.0
5751,66224104.0
5752,66224104.0
5753,66224104.0
5754,66224104.0
5755,66224104.0
5756,66224104.0
5757,66224104.0
5758,66224104.0
5759,66224104.0
5760,66224104.0
5761,66224104.0
5762,66224104.0
5763,66224104.0
5764,66224104.0
5765,66224104.0
5766,66224104.0
5767,66224104.0
5768,66224104.0
5769,66224104.0
5770,66224104.0
5771,66224104.0
5772,66224104.0
5773,66224104.0
5774,66224104.0
5775,66224104.0
5776,66224104.0
5777,66224104.0
5778,66224104.0
5779,66224104.0
5780,66224104.0
5781,66224104.0
5782,66224104.0
5783,66224104.0
5784,66224104.0
5785,66224104.0
5786,66224104.0
5787,66224104.0
5788,66224104.0
5789,66224104.0
5790,66224104.0
5791,66224104.0
5792,66224104.0
5793,66224104.0
5794,66224104.0
5795,66224104.0
5796,66224104.0
5797,66224104.0
5798,66224104.0
5799,66224104.0
5800,66224104.0
5801,66224104.0
5802,66224104.0
5803,66224104.0
5804,66224104.0
5805,66224104.0
5806,66224104.0
5807,66224104.0
5808,66224104.0
5809,66224104.0
5810,66224104.0
5811,66224104.0
5812,66224104.0
5813,66224104.0
5814,66224104.0
5815,66224104.0
5816,66224104.0
5817,66224104.0
5818,66224104.0
5819,66224104.0
5820,66224104.0
5821,66224104.0
5822,66224104.0
5823,66224104.0
5824,66224104.0
5825,66224104.0
5826,66224104.0
5827,66224104.0
5828,66224104.0
5829,66224104.0
5830,66224104.0
5831,66224104.0
5832,66224104.0
5833,66224104.0
5834,66224104.0
5835,66224104.0
5836,66224104.0
5837,66224104.0
5838,66224104.0
5839,66224104.0
5840,66224104.0
5841,66224104.0
5842,66224104.0
5843,66224104.0
5844,66224104.0
5845,66224104.0
5846,66224104.0
5847,66224104.0
5848,66224104.0
5849,66224104.0
5850,66224104.0
5851,66224104.0
5852,66224104.0
5853,66224104.0
5854,66224104.0
5855,66224104.0
5856,66224104.0
5857,66224104.0
5858,66224104.0
5859,66224104.0
5860,66224104.0
5861,66224104.0
5862,66224104.0
5863,66224104.0
5864,66224104.0
5865,66224104.0
5866,66224104.0
5867,66224104.0
5868,66224104.0
5869,66224104.0
5870,66224104.0
5871,66224104.0
5872,66224104.0
5873,66224104.0
5874,66224104.0
5875,66224104.0
5876,66224104.0
5877,66224104.0
5878,66224104.0
5879,66224104.0
5880,66224104.0
5881,66224104.0
5882,66224104.0
5883,66224104.0
5884,66224104.0
5885,66224104.0
5886,66224104.0
5887,66224104.0
5888,66224104.0
5889,66224104.0
5890,66224104.0
5891,66224104.0
5892,66224104.0
5893,66224104.0
5894,66224104.0
5895,66224104.0
5896,66224104.0
5897,66224104.0
5898,66224104.0
5899,66224104.0
5900,66224104.0
5901,66224104.0
5902,66224104.0
5903,66224104.0
5904,66224104.0
5905,66224104.0
5906,66224104.0
5907,66224104.0
5908,66224104.0
5909,66224104.0
5910,66224104.0
5911,66224104.0
5912,66224104.0
5913,66224104.0
5914,66224104.0
5915,66224104.0
5916,66224104.0
5917,66224104.0
5918,66224104.0
5919,66224104.0
5920,66224104.0
5921,66224104.0
5922,66224104.0
5923,66224104.0
5924,66224104.0
5925,66224104.0
5926,66224104.0
5927,66224104.0
5928,66224104.0
5929,66224104.0
5930,66224104.0
5931,66224104.0
5932,66224104.0
5933,66224104.0
5934,66224104.0
5935,66224104.0
5936,66224104.0
5937,66224104.0
5938,66224104.0
5939,66224104.0
5940,66224104.0
5941,66224104.0
5942,66224104.0
5943,66224104.0
5944,66224104.0
5945,66224104.0
5946,66224104.0
5947,66224104.0
5948,66224104.0
5949,66224104.0
5950,66224104.0
5951,66224104.0
5952,66224104.0
5953,66224104.0
5954,66224104.0
5955,66224104.0
5956,66224104.0
5957,66224104.0
5958,66224104.0
5959,66224104.0
5960,66224104.0
5961,66224104.0
5962,66224104.0
5963,66224104.0
5964,66224104.0
5965,66224104.0
5966,66224104.0
5967,66224104.0
5968,66224104.0
5969,66224104.0
5970,66224104.0
5971,66224104.0
5972,66224104.0
5973,66224104.0
5974,66224104.0
5975,66224104.0
5976,66224104.0
5977,66224104.0
5978,66224104.0
5979,66224104.0
5980,66224104.0
5981,66224104.0
5982,66224104.0
5983,66224104.0
5984,66224104.0
5985,66224104.0
5986,66224104.0
5987,66224104.0
5988,66224104.0
5989,66224104.0
5990,66224104.0
5991,66224104.0
5992,66224104.0
5993,66224104.0
5994,66224104.0
5995,66224104.0
5996,66224104.0
5997,66224104.0
5998,66224104.0
5999,66224104.0
6000,66224104.0
6001,66224104.0
6002,66224104.0
6003,66224104.0
6004,66224104.0
6005,66224104.0
6006,66224104.0
6007,66224104.0
6008,66224104.0
6009,66224104.0
6010,66224104.0
6011,66224104.0
6012,66224104.0
6013,66224104.0
6014,66224104.0
6015,66224104.0
6016,66224104.0
6017,66224104.0
6018,66224104.0
6019,66224104.0
6020,66224104.0
6021,66224104.0
6022,66224104.0
6023,66224104.0
6024,66224104.0
6025,66224104.0
6026,66224104.0
6027,66224104.0
6028,66224104.0
6029,66224104.0
6030,66224104.0
6031,66224104.0
6032,66224104.0
6033,66224104.0
6034,66224104.0
6035,66224104.0
6036,66224104.0
6037,66224104.0
6038,66224104.0
6039,66224104.0
6040,66224104.0
6041,66224104.0
6042,66224104.0
6043,66224104.0
6044,66224104.0
6045,66224104.0
6046,66224104.0
6047,66224104.0
6048,66224104.0
6049,66224104.0
6050,66224104.0
6051,66224104.0
6052,66224104.0
6053,66224104.0
6054,66224104.0
6055,66224104.0
6056,66224104.0
6057,66224104.0
6058,66224104.0
6059,66224104.0
6060,66224104.0
6061,66224104.0
6062,66224104.0
6063,66224104.0
6064,66224104.0
6065,66224104.0
6066,66224104.0
6067,66224104.0
6068,66224104.0
6069,66224104.0
6070,66224104.0
6071,66224104.0
6072,66224104.0
6073,66224104.0
6074,66224104.0
6075,66224104.0
6076,66224104.0
6077,66224104.0
6078,66224104.0
6079,66224104.0
6080,66224104.0
6081,66224104.0
6082,66224104.0
6083,66224104.0
6084,66224104.0
6085,66224104.0
6086,66224104.0
6087,66224104.0
6088,66224104.0
6089,66224104.0
6090,66224104.0
6091,66224104.0
6092,66224104.0
6093,66224104.0
6094,66224104.0
6095,66224104.0
6096,66224104.0
6097,66224104.0
6098,66224104.0
6099,66224104.0
6100,66224104.0
6101,66224104.0
6102,66224104.0
6103,66224104.0
6104,66224104.0
6105,66224104.0
6106,66224104.0
6107,66224104.0
6108,66224104.0
6109,66224104.0
6110,66224104.0
6111,66224104.0
6112,66224104.0
6113,66224104.0
6114,66224104.0
6115,66224104.0
6116,66224104.0
6117,66224104.0
6118,66224104.0
6119,66224104.0
6120,66224104.0
6121,66224104.0
6122,66224104.0
6123,66224104.0
6124,66224104.0
6125,66224104.0
6126,66224104.0
6127,66224104.0
6128,66224104.0
6129,66224104.0
6130,66224104.0
6131,66224104.0
6132,66224104.0
6133,66224104.0
6134,66224104.0
6135,66224104.0
6136,66224104.0
6137,66224104.0
6138,66224104.0
6139,66224104.0
6140,66224104.0
6141,66224104.0
6142,66224104.0
6143,66224104.0
6144,66224104.0
6145,66224104.0
6146,66224104.0
6147,66224104.0
6148,66224104.0
6149,66224104.0
6150,66224104.0
6151,66224104.0
6152,66224104.0
6153,66224104.0
6154,66224104.0
6155,66224104.0
6156,66224104.0
6157,66224104.0
6158,66224104.0
6159,66224104.0
6160,66224104.0
6161,66224104.0
6162,66224104.0
6163,66224104.0
6164,66224104.0
6165,66224104.0
6166,66224104.0
6167,66224104.0
6168,66224104.0
6169,66224104.0
6170,66224104.0
6171,66224104.0
6172,66224104.0
6173,66224104.0
6174,66224104.0
6175,66224104.0
6176,66224104.0
6177,66224104.0
6178,66224104.0
6179,66224104.0
6180,66224104.0
6181,66224104.0
6182,66224104.0
6183,66224104.0
6184,66224104.0
6185,66224104.0
6186,66224104.0
6187,66224104.0
6188,66224104.0
6189,66224104.0
6190,66224104.0
6191,66224104.0
6192,66224104.0
6193,66224104.0
6194,66224104.0
6195,66224104.0
6196,66224104.0
6197,66224104.0
6198,66224104.0
6199,66224104.0
6200,66224104.0
6201,66224104.0
6202,66224104.0
6203,66224104.0
6204,66224104.0
6205,66224104.0
6206,66224104.0
6207,66224104.0
6208,66224104.0
6209,66224104.0
6210,66224104.0
6211,66224104.0
6212,66224104.0
6213,66224104.0
6214,66224104.0
6215,66224104.0
6216,66224104.0
6217,66224104.0
6218,66224104.0
6219,66224104.0
6220,66224104.0
6221,66224104.0
6222,66224104.0
6223,66224104.0
6224,66224104.0
6225,66224104.0
6226,66224104.0
6227,66224104.0
6228,66224104.0
6229,66224104.0
6230,66224104.0
6231,66224104.0
6232,66224104.0
6233,66224104.0
6234,66224104.0
6235,66224104.0
6236,66224104.0
6237,66224104.0
6238,66224104.0
6239,66224104.0
6240,66224104.0
6241,66224104.0
6242,66224104.0
6243,66224104.0
6244,66224104.0
6245,66224104.0
6246,66224104.0
6247,66224104.0
6248,66224104.0
6249,66224104.0
6250,66224104.0
6251,66224104.0
6252,66224104.0
6253,66224104.0
6254,66224104.0
6255,66224104.0
6256,66224104.0
6257,66224104.0
6258,66224104.0
6259,66224104.0
6260,66224104.0
6261,66224104.0
6262,66224104.0
6263,66224104.0
6264,66224104.0
6265,66224104.0
6266,66224104.0
6267,66224104.0
6268,66224104.0
6269,66224104.0
6270,66224104.0
6271,66224104.0
6272,66224104.0
6273,66224104.0
6274,66224104.0
6275,66224104.0
6276,66224104.0
6277,66224104.0
6278,66224104.0
6279,66224104.0
6280,66224104.0
6281,66224104.0
6282,66224104.0
6283,66224104.0
6284,66224104.0
6285,66224104.0
6286,66224104.0
6287,66224104.0
6288,66224104.0
6289,66224104.0
6290,66224104.0
6291,66224104.0
6292,66224104.0
6293,66224104.0
6294,66224104.0
6295,66224104.0
6296,66224104.0
6297,66224104.0
6298,66224104.0
6299,66224104.0
6300,66224104.0
6301,66224104.0
6302,66224104.0
6303,66224104.0
6304,66224104.0
6305,66224104.0
6306,66224104.0
6307,66224104.0
6308,66224104.0
6309,66224104.0
6310,66224104.0
6311,66224104.0
6312,66224104.0
6313,66224104.0
6314,66224104.0
6315,66224104.0
6316,66224104.0
6317,66224104.0
6318,66224104.0
6319,66224104.0
6320,66224104.0
6321,66224104.0
6322,66224104.0
6323,66224104.0
6324,66224104.0
6325,66224104.0
6326,66224104.0
6327,66224104.0
6328,66224104.0
6329,66224104.0
6330,66224104.0
6331,66224104.0
6332,66224104.0
6333,66224104.0
6334,66224104.0
6335,66224104.0
6336,66224104.0
6337,66224104.0
6338,66224104.0
6339,66224104.0
6340,66224104.0
6341,66224104.0
6342,66224104.0
6343,66224104.0
6344,66224104.0
6345,66224104.0
6346,66224104.0
6347,66224104.0
6348,66224104.0
6349,66224104.0
6350,66224104.0
6351,66224104.0
6352,66224104.0
6353,66224104.0
6354,66224104.0
6355,66224104.0
6356,66224104.0
6357,66224104.0
6358,66224104.0
6359,66224104.0
6360,66224104.0
6361,66224104.0
6362,66224104.0
6363,66224104.0
6364,66224104.0
6365,66224104.0
6366,66224104.0
6367,66224104.0
6368,66224104.0
6369,66224104.0
6370,66224104.0
6371,66224104.0
6372,66224104.0
6373,66224104.0
6374,66224104.0
6375,66224104.0
6376,66224104.0
6377,66224104.0
6378,66224104.0
6379,66224104.0
6380,66224104.0
6381,66224104.0
6382,66224104.0
6383,66224104.0
6384,66224104.0
6385,66224104.0
6386,66224104.0
6387,66224104.0
6388,66224104.0
6389,66224104.0
6390,66224104.0
6391,66224104.0
6392,66224104.0
6393,66224104.0
6394,66224104.0
6395,66224104.0
6396,66224104.0
6397,66224104.0
6398,66224104.0
6399,66224104.0
6400,66224104.0
6401,66224104.0
6402,66224104.0
6403,66224104.0
6404,66224104.0
6405,66224104.0
6406,66224104.0
6407,66224104.0
6408,66224104.0
6409,66224104.0
6410,66224104.0
6411,66224104.0
6412,66224104.0
6413,66224104.0
6414,66224104.0
6415,66224104.0
6416,66224104.0
6417,66224104.0
6418,66224104.0
6419,66224104.0
6420,66224104.0
6421,66224104.0
6422,66224104.0
6423,66224104.0
6424,66224104.0
6425,66224104.0
6426,66224104.0
6427,66224104.0
6428,66224104.0
6429,66224104.0
6430,66224104.0
6431,66224104.0
6432,66224104.0
6433,66224104.0
6434,66224104.0
6435,66224104.0
6436,66224104.0
6437,66224104.0
6438,66224104.0
6439,66224104.0
6440,66224104.0
6441,66224104.0
6442,66224104.0
6443,66224104.0
6444,66224104.0
6445,66224104.0
6446,66224104.0
6447,66224104.0
6448,66224104.0
6449,66224104.0
6450,66224104.0
6451,66224104.0
6452,66224104.0
6453,66224104.0
6454,66224104.0
6455,66224104.0
6456,66224104.0
6457,66224104.0
6458,66224104.0
6459,66224104.0
6460,66224104.0
6461,66224104.0
6462,66224104.0
6463,66224104.0
6464,66224104.0
6465,66224104.0
6466,66224104.0
6467,66224104.0
6468,66224104.0
6469,66224104.0
6470,66224104.0
6471,66224104.0
6472,66224104.0
6473,66224104.0
6474,66224104.0
6475,66224104.0
6476,66224104.0
6477,66224104.0
6478,66224104.0
6479,66224104.0
6480,66224104.0
6481,66224104.0
6482,66224104.0
6483,66224104.0
6484,66224104.0
6485,66224104.0
6486,66224104.0
6487,66224104.0
6488,66224104.0
6489,66224104.0
6490,66224104.0
6491,66224104.0
6492,66224104.0
6493,66224104.0
6494,66224104.0
6495,66224104.0
6496,66224104.0
6497,66224104.0
6498,66224104.0
6499,66224104.0
6500,66224104.0
6501,66224104.0
6502,66224104.0
6503,66224104.0
6504,66224104.0
6505,66224104.0
6506,66224104.0
6507,66224104.0
6508,66224104.0
6509,66224104.0
6510,66224104.0
6511,66224104.0
6512,66224104.0
6513,66224104.0
6514,66224104.0
6515,66224104.0
6516,66224104.0
6517,66224104.0
6518,66224104.0
6519,66224104.0
6520,66224104.0
6521,66224104.0
6522,66224104.0
6523,66224104.0
6524,66224104.0
6525,66224104.0
6526,66224104.0
6527,66224104.0
6528,66224104.0
6529,66224104.0
6530,66224104.0
6531,66224104.0
6532,66224104.0
6533,66224104.0
6534,66224104.0
6535,66224104.0
6536,66224104.0
6537,66224104.0
6538,66224104.0
6539,66224104.0
6540,66224104.0
6541,66224104.0
6542,66224104.0
6543,66224104.0
6544,66224104.0
6545,66224104.0
6546,66224104.0
6547,66224104.0
6548,66224104.0
6549,66224104.0
6550,66224104.0
6551,66224104.0
6552,66224104.0
6553,66224104.0
6554,66224104.0
6555,66224104.0
6556,66224104.0
6557,66224104.0
6558,66224104.0
6559,66224104.0
6560,66224104.0
6561,66224104.0
6562,66224104.0
6563,66224104.0
6564,66224104.0
6565,66224104.0
6566,66224104.0
6567,66224104.0
6568,66224104.0
6569,66224104.0
6570,66224104.0
6571,66224104.0
6572,66224104.0
6573,66224104.0
6574,66224104.0
6575,66224104.0
6576,66224104.0
6577,66224104.0
6578,66224104.0
6579,66224104.0
6580,66224104.0
6581,66224104.0
6582,66224104.0
6583,66224104.0
6584,66224104.0
6585,66224104.0
6586,66224104.0
6587,66224104.0
6588,66224104.0
6589,66224104.0
6590,66224104.0
6591,66224104.0
6592,66224104.0
6593,66224104.0
6594,66224104.0
6595,66224104.0
6596,66224104.0
6597,66224104.0
6598,66224104.0
6599,66224104.0
6600,66224104.0
6601,66224104.0
6602,66224104.0
6603,66224104.0
6604,66224104.0
6605,66224104.0
6606,66224104.0
6607,66224104.0
6608,66224104.0
6609,66224104.0
6610,66224104.0
6611,66224104.0
6612,66224104.0
6613,66224104.0
6614,66224104.0
6615,66224104.0
6616,66224104.0
6617,66224104.0
6618,66224104.0
6619,66224104.0
6620,66224104.0
6621,66224104.0
6622,66224104.0
6623,66224104.0
6624,66224104.0
6625,66224104.0
6626,66224104.0
6627,66224104.0
6628,66224104.0
6629,66224104.0
6630,66224104.0
6631,66224104.0
6632,66224104.0
6633,66224104.0
6634,66224104.0
6635,66224104.0
6636,66224104.0
6637,66224104.0
6638,66224104.0
6639,66224104.0
6640,66224104.0
6641,66224104.0
6642,66224104.0
6643,66224104.0
6644,66224104.0
6645,66224104.0
6646,66224104.0
6647,66224104.0
6648,66224104.0
6649,66224104.0
6650,66224104.0
6651,66224104.0
6652,66224104.0
6653,66224104.0
6654,66224104.0
6655,66224104.0
6656,66224104.0
6657,66224104.0
6658,66224104.0
6659,66224104.0
6660,66224104.0
6661,66224104.0
6662,66224104.0
6663,66224104.0
6664,66224104.0
6665,66224104.0
6666,66224104.0
6667,66224104.0
6668,66224104.0
6669,66224104.0
6670,66224104.0
6671,66224104.0
6672,66224104.0
6673,66224104.0
6674,66224104.0
6675,66224104.0
6676,66224104.0
6677,66224104.0
6678,66224104.0
6679,66224104.0
6680,66224104.0
6681,66224104.0
6682,66224104.0
6683,66224104.0
6684,66224104.0
6685,66224104.0
6686,66224104.0
6687,66224104.0
6688,66224104.0
6689,66224104.0
6690,66224104.0
6691,66224104.0
6692,66224104.0
6693,66224104.0
6694,66224104.0
6695,66224104.0
6696,66224104.0
6697,66224104.0
6698,66224104.0
6699,66224104.0
6700,66224104.0
6701,66224104.0
6702,66224104.0
6703,66224104.0
6704,66224104.0
6705,66224104.0
6706,66224104.0
6707,66224104.0
6708,66224104.0
6709,66224104.0
6710,66224104.0
6711,66224104.0
6712,66224104.0
6713,66224104.0
6714,66224104.0
6715,66224104.0
6716,66224104.0
6717,66224104.0
6718,66224104.0
6719,66224104.0
6720,66224104.0
6721,66224104.0
6722,66224104.0
6723,66224104.0
6724,66224104.0
6725,66224104.0
6726,66224104.0
6727,66224104.0
6728,66224104.0
6729,66224104.0
6730,66224104.0
6731,66224104.0
6732,66224104.0
6733,66224104.0
6734,66224104.0
6735,66224104.0
6736,66224104.0
6737,66224104.0
6738,66224104.0
6739,66224104.0
6740,66224104.0
6741,66224104.0
6742,66224104.0
6743,66224104.0
6744,66224104.0
6745,66224104.0
6746,66224104.0
6747,66224104.0
6748,66224104.0
6749,66224104.0
6750,66224104.0
6751,66224104.0
6752,66224104.0
6753,66224104.0
6754,66224104.0
6755,66224104.0
6756,66224104.0
6757,66224104.0
6758,66224104.0
6759,66224104.0
6760,66224104.0
6761,66224104.0
6762,66224104.0
6763,66224104.0
6764,66224104.0
6765,66224104.0
6766,66224104.0
6767,66224104.0
6768,66224104.0
6769,66224104.0
6770,66224104.0
6771,66224104.0
6772,66224104.0
6773,66224104.0
6774,66224104.0
6775,66224104.0
6776,66224104.0
6777,66224104.0
6778,66224104.0
6779,66224104.0
6780,66224104.0
6781,66224104.0
6782,66224104.0
6783,66224104.0
6784,66224104.0
6785,66224104.0
6786,66224104.0
6787,66224104.0
6788,66224104.0
6789,66224104.0
6790,66224104.0
6791,66224104.0
6792,66224104.0
6793,66224104.0
6794,66224104.0
6795,66224104.0
6796,66224104.0
6797,66224104.0
6798,66224104.0
6799,66224104.0
6800,66224104.0
6801,66224104.0
6802,66224104.0
6803,66224104.0
6804,66224104.0
6805,66224104.0
6806,66224104.0
6807,66224104.0
6808,66224104.0
6809,66224104.0
6810,66224104.0
6811,66224104.0
6812,66224104.0
6813,66224104.0
6814,66224104.0
6815,66224104.0
6816,66224104.0
6817,66224104.0
6818,66224104.0
6819,66224104.0
6820,66224104.0
6821,66224104.0
6822,66224104.0
6823,66224104.0
6824,66224104.0
6825,66224104.0
6826,66224104.0
6827,66224104.0
6828,66224104.0
6829,66224104.0
6830,66224104.0
6831,66224104.0
6832,66224104.0
6833,66224104.0
6834,66224104.0
6835,66224104.0
6836,66224104.0
6837,66224104.0
6838,66224104.0
6839,66224104.0
6840,66224104.0
6841,66224104.0
6842,66224104.0
6843,66224104.0
6844,66224104.0
6845,66224104.0
6846,66224104.0
6847,66224104.0
6848,66224104.0
6849,66224104.0
6850,66224104.0
6851,66224104.0
6852,66224104.0
6853,66224104.0
6854,66224104.0
6855,66224104.0
6856,66224104.0
6857,66224104.0
6858,66224104.0
6859,66224104.0
6860,66224104.0
6861,66224104.0
6862,66224104.0
6863,66224104.0
6864,66224104.0
6865,66224104.0
6866,66224104.0
6867,66224104.0
6868,66224104.0
6869,66224104.0
6870,66224104.0
6871,66224104.0
6872,66224104.0
6873,66224104.0
6874,66224104.0
6875,66224104.0
6876,66224104.0
6877,66224104.0
6878,66224104.0
6879,66224104.0
6880,66224104.0
6881,66224104.0
6882,66224104.0
6883,66224104.0
6884,66224104.0
6885,66224104.0
6886,66224104.0
6887,66224104.0
6888,66224104.0
6889,66224104.0
6890,66224104.0
6891,66224104.0
6892,66224104.0
6893,66224104.0
6894,66224104.0
6895,66224104.0
6896,66224104.0
6897,66224104.0
6898,66224104.0
6899,66224104.0
6900,66224104.0
6901,66224104.0
6902,66224104.0
6903,66224104.0
6904,66224104.0
6905,66224104.0
6906,66224104.0
6907,66224104.0
6908,66224104.0
6909,66224104.0
6910,66224104.0
6911,66224104.0
6912,66224104.0
6913,66224104.0
6914,66224104.0
6915,66224104.0
6916,66224104.0
6917,66224104.0
6918,66224104.0
6919,66224104.0
6920,66224104.0
6921,66224104.0
6922,66224104.0
6923,66224104.0
6924,66224104.0
6925,66224104.0
6926,66224104.0
6927,66224104.0
6928,66224104.0
6929,66224104.0
6930,66224104.0
6931,66224104.0
6932,66224104.0
6933,66224104.0
6934,66224104.0
6935,66224104.0
6936,66224104.0
6937,66224104.0
6938,66224104.0
6939,66224104.0
6940,66224104.0
6941,66224104.0
6942,66224104.0
6943,66224104.0
6944,66224104.0
6945,66224104.0
6946,66224104.0
6947,66224104.0
6948,66224104.0
6949,66224104.0
6950,66224104.0
6951,66224104.0
6952,66224104.0
6953,66224104.0
6954,66224104.0
6955,66224104.0
6956,66224104.0
6957,66224104.0
6958,66224104.0
6959,66224104.0
6960,66224104.0
6961,66224104.0
6962,66224104.0
6963,66224104.0
6964,66224104.0
6965,66224104.0
6966,66224104.0
6967,66224104.0
6968,66224104.0
6969,66224104.0
6970,66224104.0
6971,66224104.0
6972,66224104.0
6973,66224104.0
6974,66224104.0
6975,66224104.0
6976,66224104.0
6977,66224104.0
6978,66224104.0
6979,66224104.0
6980,66224104.0
6981,66224104.0
6982,66224104.0
6983,66224104.0
6984,66224104.0
6985,66224104.0
6986,66224104.0
6987,66224104.0
6988,66224104.0
6989,66224104.0
6990,66224104.0
6991,66224104.0
6992,66224104.0
6993,66224104.0
6994,66224104.0
6995,66224104.0
6996,66224104.0
6997,66224104.0
6998,66224104.0
6999,66224104.0
7000,66224104.0
7001,66224104.0
7002,66224104.0
7003,66224104.0
7004,66224104.0
7005,66224104.0
7006,66224104.0
7007,66224104.0
7008,66224104.0
7009,66224104.0
7010,66224104.0
7011,66224104.0
7012,66224104.0
7013,66224104.0
7014,66224104.0
7015,66224104.0
7016,66224104.0
7017,66224104.0
7018,66224104.0
7019,66224104.0
7020,66224104.0
7021,66224104.0
7022,66224104.0
7023,66224104.0
7024,66224104.0
7025,66224104.0
7026,66224104.0
7027,66224104.0
7028,66224104.0
7029,66224104.0
7030,66224104.0
7031,66224104.0
7032,66224104.0
7033,66224104.0
7034,66224104.0
7035,66224104.0
7036,66224104.0
7037,66224104.0
7038,66224104.0
7039,66224104.0
7040,66224104.0
7041,66224104.0
7042,66224104.0
7043,66224104.0
7044,66224104.0
7045,66224104.0
7046,66224104.0
7047,66224104.0
7048,66224104.0
7049,66224104.0
7050,66224104.0
7051,66224104.0
7052,66224104.0
7053,66224104.0
7054,66224104.0
7055,66224104.0
7056,66224104.0
7057,66224104.0
7058,66224104.0
7059,66224104.0
7060,66224104.0
7061,66224104.0
7062,66224104.0
7063,66224104.0
7064,66224104.0
7065,66224104.0
7066,66224104.0
7067,66224104.0
7068,66224104.0
7069,66224104.0
7070,66224104.0
7071,66224104.0
7072,66224104.0
7073,66224104.0
7074,66224104.0
7075,66224104.0
7076,66224104.0
7077,66224104.0
7078,66224104.0
7079,66224104.0
7080,66224104.0
7081,66224104.0
7082,66224104.0
7083,66224104.0
7084,66224104.0
7085,66224104.0
7086,66224104.0
7087,66224104.0
7088,66224104.0
7089,66224104.0
7090,66224104.0
7091,66224104.0
7092,66224104.0
7093,66224104.0
7094,66224104.0
7095,66224104.0
7096,66224104.0
7097,66224104.0
7098,66224104.0
7099,66224104.0
7100,66224104.0
7101,66224104.0
7102,66224104.0
7103,66224104.0
7104,66224104.0
7105,66224104.0
7106,66224104.0
7107,66224104.0
7108,66224104.0
7109,66224104.0
7110,66224104.0
7111,66224104.0
7112,66224104.0
7113,66224104.0
7114,66224104.0
7115,66224104.0
7116,66224104.0
7117,66224104.0
7118,66224104.0
7119,66224104.0
7120,66224104.0
7121,66224104.0
7122,66224104.0
7123,66224104.0
7124,66224104.0
7125,66224104.0
7126,66224104.0
7127,66224104.0
7128,66224104.0
7129,66224104.0
7130,66224104.0
7131,66224104.0
7132,66224104.0
7133,66224104.0
7134,66224104.0
7135,66224104.0
7136,66224104.0
7137,66224104.0
7138,66224104.0
7139,66224104.0
7140,66224104.0
7141,66224104.0
7142,66224104.0
7143,66224104.0
7144,66224104.0
7145,66224104.0
7146,66224104.0
7147,66224104.0
7148,66224104.0
7149,66224104.0
7150,66224104.0
7151,66224104.0
7152,66224104.0
7153,66224104.0
7154,66224104.0
7155,66224104.0
7156,66224104.0
7157,66224104.0
7158,66224104.0
7159,66224104.0
7160,66224104.0
7161,66224104.0
7162,66224104.0
7163,66224104.0
7164,66224104.0
7165,66224104.0
7166,66224104.0
7167,66224104.0
7168,66224104.0
7169,66224104.0
7170,66224104.0
7171,66224104.0
7172,66224104.0
7173,66224104.0
7174,66224104.0
7175,66224104.0
7176,66224104.0
7177,66224104.0
7178,66224104.0
7179,66224104.0
7180,66224104.0
7181,66224104.0
7182,66224104.0
7183,66224104.0
7184,66224104.0
7185,66224104.0
7186,66224104.0
7187,66224104.0
7188,66224104.0
7189,66224104.0
7190,66224104.0
7191,66224104.0
7192,66224104.0
7193,66224104.0
7194,66224104.0
7195,66224104.0
7196,66224104.0
7197,66224104.0
7198,66224104.0
7199,66224104.0
7200,66224104.0
7201,66224104.0
7202,66224104.0
7203,66224104.0
7204,66224104.0
7205,66224104.0
7206,66224104.0
7207,66224104.0
7208,66224104.0
7209,66224104.0
7210,66224104.0
7211,66224104.0
7212,66224104.0
7213,66224104.0
7214,66224104.0
7215,66224104.0
7216,66224104.0
7217,66224104.0
7218,66224104.0
7219,66224104.0
7220,66224104.0
7221,66224104.0
7222,66224104.0
7223,66224104.0
7224,66224104.0
7225,66224104.0
7226,66224104.0
7227,66224104.0
7228,66224104.0
7229,66224104.0
7230,66224104.0
7231,66224104.0
7232,66224104.0
7233,66224104.0
7234,66224104.0
7235,66224104.0
7236,66224104.0
7237,66224104.0
7238,66224104.0
7239,66224104.0
7240,66224104.0
7241,66224104.0
7242,66224104.0
7243,66224104.0
7244,66224104.0
7245,66224104.0
7246,66224104.0
7247,66224104.0
7248,66224104.0
7249,66224104.0
7250,66224104.0
7251,66224104.0
7252,66224104.0
7253,66224104.0
7254,66224104.0
7255,66224104.0
7256,66224104.0
7257,66224104.0
7258,66224104.0
7259,66224104.0
7260,66224104.0
7261,66224104.0
7262,66224104.0
7263,66224104.0
7264,66224104.0
7265,66224104.0
7266,66224104.0
7267,66224104.0
7268,66224104.0
7269,66224104.0
7270,66224104.0
7271,66224104.0
7272,66224104.0
7273,66224104.0
7274,66224104.0
7275,66224104.0
7276,66224104.0
7277,66224104.0
7278,66224104.0
7279,66224104.0
7280,66224104.0
7281,66224104.0
7282,66224104.0
7283,66224104.0
7284,66224104.0
7285,66224104.0
7286,66224104.0
7287,66224104.0
7288,66224104.0
7289,66224104.0
7290,66224104.0
7291,66224104.0
7292,66224104.0
7293,66224104.0
7294,66224104.0
7295,66224104.0
7296,66224104.0
7297,66224104.0
7298,66224104.0
7299,66224104.0
7300,66224104.0
7301,66224104.0
7302,66224104.0
7303,66224104.0
7304,66224104.0
7305,66224104.0
7306,66224104.0
7307,66224104.0
7308,66224104.0
7309,66224104.0
7310,66224104.0
7311,66224104.0
7312,66224104.0
7313,66224104.0
7314,66224104.0
7315,66224104.0
7316,66224104.0
7317,66224104.0
7318,66224104.0
7319,66224104.0
7320,66224104.0
7321,66224104.0
7322,66224104.0
7323,66224104.0
7324,66224104.0
7325,66224104.0
7326,66224104.0
7327,66224104.0
7328,66224104.0
7329,66224104.0
7330,66224104.0
7331,66224104.0
7332,66224104.0
7333,66224104.0
7334,66224104.0
7335,66224104.0
7336,66224104.0
7337,66224104.0
7338,66224104.0
7339,66224104.0
7340,66224104.0
7341,66224104.0
7342,66224104.0
7343,66224104.0
7344,66224104.0
7345,66224104.0
7346,66224104.0
7347,66224104.0
7348,66224104.0
7349,66224104.0
7350,66224104.0
7351,66224104.0
7352,66224104.0
7353,66224104.0
7354,66224104.0
7355,66224104.0
7356,66224104.0
7357,66224104.0
7358,66224104.0
7359,66224104.0
7360,66224104.0
7361,66224104.0
7362,66224104.0
7363,66224104.0
7364,66224104.0
7365,66224104.0
7366,66224104.0
7367,66224104.0
7368,66224104.0
7369,66224104.0
7370,66224104.0
7371,66224104.0
7372,66224104.0
7373,66224104.0
7374,66224104.0
7375,66224104.0
7376,66224104.0
7377,66224104.0
7378,66224104.0
7379,66224104.0
7380,66224104.0
7381,66224104.0
7382,66224104.0
7383,66224104.0
7384,66224104.0
7385,66224104.0
7386,66224104.0
7387,66224104.0
7388,66224104.0
7389,66224104.0
7390,66224104.0
7391,66224104.0
7392,66224104.0
7393,66224104.0
7394,66224104.0
7395,66224104.0
7396,66224104.0
7397,66224104.0
7398,66224104.0
